[
  {
    "timestamp": "2025-06-05 17:16:14",
    "email": "bob.martinez@noveltech-solutions.com"
  },
  {
    "timestamp": "2025-06-05 17:16:28",
    "email": "bob.martinez@noveltech-solutions.com"
  },
  {
    "timestamp": "2025-06-05 17:17:11",
    "email": "bob.martinez@noveltech-solutions.com"
  },
  {
    "timestamp": "2025-06-05 17:19:17",
    "email": "bob.martinez@noveltech-solutions.com"
  },
  {
    "timestamp": "2025-06-05 17:22:40",
    "email": "bob.martinez@noveltech-solutions.com"
  },
  {
    "timestamp": "2025-06-05 17:22:43",
    "email": "bob.martinez@noveltech-solutions.com"
  },
  {
    "timestamp": "2025-06-05 17:22:50",
    "email": "bob.martinez@noveltech-solutions.com"
  },
  {
    "timestamp": "2025-06-05 17:22:50",
    "email": "bob.martinez@noveltech-solutions.com"
  },
  {
    "timestamp": "2025-06-05 17:22:51",
    "email": "bob.martinez@noveltech-solutions.com"
  },
  {
    "timestamp": "2025-06-05 17:24:04",
    "email": "bob.martinez@noveltech-solutions.com"
  },
  {
    "timestamp": "2025-06-05 17:24:04",
    "email": "bob.martinez@noveltech-solutions.com"
  },
  {
    "timestamp": "2025-06-05 17:25:15",
    "email": "bob.martinez@noveltech-solutions.com"
  },
  {
    "timestamp": "2025-06-05 17:43:18",
    "email": "martin.gomez@brightwave.com"
  },
  {
    "timestamp": "2025-06-05 17:43:23",
    "email": "martin.gomez@brightwave.com"
  }
]